-- phpMyAdmin SQL Dump
-- version 4.8.5
-- https://www.phpmyadmin.net/
--
-- Host: 127.0.0.1
-- Generation Time: 
-- サーバのバージョン： 10.1.39-MariaDB
-- PHP Version: 7.3.5

SET SQL_MODE = "NO_AUTO_VALUE_ON_ZERO";
SET AUTOCOMMIT = 0;
START TRANSACTION;
SET time_zone = "+00:00";


/*!40101 SET @OLD_CHARACTER_SET_CLIENT=@@CHARACTER_SET_CLIENT */;
/*!40101 SET @OLD_CHARACTER_SET_RESULTS=@@CHARACTER_SET_RESULTS */;
/*!40101 SET @OLD_COLLATION_CONNECTION=@@COLLATION_CONNECTION */;
/*!40101 SET NAMES utf8mb4 */;

--
-- Database: `everyone_is_a_matchmaker`
--

-- --------------------------------------------------------

--
-- テーブルの構造 `attribute`
--

CREATE TABLE `attribute` (
  `attribute_id` int(10) UNSIGNED NOT NULL,
  `attribute_name` varchar(255) NOT NULL,
  `create_attribute` int(11) NOT NULL,
  `change_attribute` int(11) NOT NULL
) ENGINE=InnoDB DEFAULT CHARSET=utf8;

-- --------------------------------------------------------

--
-- テーブルの構造 `chat_room`
--

CREATE TABLE `chat_room` (
  `room_id` int(10) UNSIGNED NOT NULL,
  `room_name` varchar(255) NOT NULL,
  `last_update` date NOT NULL
) ENGINE=InnoDB DEFAULT CHARSET=utf8;

--
-- テーブルのデータのダンプ `chat_room`
--

INSERT INTO `chat_room` (`room_id`, `room_name`, `last_update`) VALUES
(1, 'ルーム１', '0000-00-00');

-- --------------------------------------------------------

--
-- テーブルの構造 `family`
--

CREATE TABLE `family` (
  `familiy_id` int(11) NOT NULL,
  `marriage_id` int(10) NOT NULL,
  `relationship` varchar(255) NOT NULL,
  `year` date NOT NULL,
  `residence` varchar(255) NOT NULL,
  `occupation` varchar(255) NOT NULL,
  `educational` varchar(255) NOT NULL,
  `together` varchar(255) NOT NULL,
  `married` varchar(255) NOT NULL
) ENGINE=InnoDB DEFAULT CHARSET=utf8;

--
-- テーブルのデータのダンプ `family`
--

INSERT INTO `family` (`familiy_id`, `marriage_id`, `relationship`, `year`, `residence`, `occupation`, `educational`, `together`, `married`) VALUES
(1, 38, '実母', '0000-00-00', '静岡市', '	メーカー関連職	', '高等学校卒', '同居', '既婚'),
(2, 38, '兄', '0000-00-00', '牧之原市', '	司法書士・行政書士・社労士	', '高等学校卒', '同居', '既婚'),
(3, 38, '実父', '0000-00-00', '牧之原市', '	資格関連職種	', '大学卒', '同居', '既婚'),
(4, 39, '兄', '0000-00-00', '藤枝市', '	歯科医師	', '大学卒', '同居', '未婚'),
(5, 40, '実父', '0000-00-00', '伊豆の国市', '	自営業（会社組織・個人事業）	', '大学卒', '同居', '未婚'),
(6, 41, '兄', '0000-00-00', '沼津市', '	販売・小売・飲食・サービス系職種	', '大学院卒', '同居', '未婚'),
(7, 42, '実母', '0000-00-00', '静岡市', '	販売・小売・飲食・サービス系職種	', '短期大学卒', '同居', '未婚'),
(8, 43, '祖父', '0000-00-00', '磐田市', '	販売・小売・飲食・サービス系職種	', '大学卒', '同居', '未婚'),
(9, 44, '実母', '0000-00-00', '島田市', '	介護・福祉関連職	', '専門学校卒', '同居', '未婚'),
(10, 41, '実母', '0000-00-00', '掛川市', '	教師・講師	', '大学卒', '別居', '未婚'),
(11, 41, '祖父', '0000-00-00', '湖西市', '	銀行・証券関連職	', '大学卒', '同居', '未婚'),
(12, 45, '祖父', '0000-00-00', '焼津市', '	販売・小売・飲食・サービス系職種	', '大学卒', '別居', '既婚'),
(13, 45, '実父', '1978-05-17', '熱海市', '	販売・小売・飲食・サービス系職種	', '専門学校卒', '同居', '既婚'),
(14, 46, '弟', '0000-00-00', '清水町', '	国家公務員	', '短期大学卒', '同居', '未婚'),
(15, 47, '実母', '0000-00-00', '熱海市', '	パートアルバイト	', '専門学校卒', '同居', '既婚'),
(16, 48, '実母', '0000-00-00', '富士宮市', '	メーカー関連職	', '専門学校卒', '同居', '既婚'),
(17, 49, '実母', '1951-02-22', '焼津市', '	メーカー関連職	', '義務教育卒', '同居', '既婚'),
(18, 50, '実母', '1969-03-12', '三島市', '	パートアルバイト	', '高等学校卒', '別居', '既婚'),
(19, 50, '実父', '1967-07-09', '三島市', '	営業・企画系職種	', '大学卒', '別居', '既婚'),
(20, 51, '兄', '2022-01-11', '島田市', '	メーカー関連職	', '専門学校卒', '同居', '未婚'),
(21, 52, '実母', '1992-06-17', '熱海市', '	物流・運輸関連職	', '大学卒', '同居', ''),
(22, 50, '祖母', '1969-10-14', '静岡市', '	クリエイター・マスコミ系職種	', '専門学校卒', '同居', '既婚'),
(23, 53, '母', '1966-08-17', '熱海市', '	クリエイター・マスコミ系職種	', '専門学校卒', '別居', '既婚'),
(24, 54, '兄', '1971-09-13', '下田市', '	歯科医師	', '大学卒', '別居', '既婚'),
(25, 55, '姉', '1989-02-01', '焼津市', '	国家公務員	', '専門学校卒', '同居', '既婚'),
(26, 57, '父', '1967-03-20', '静岡市', '	メーカー関連職	', '大学卒', '同居', '既婚'),
(27, 57, '母', '1969-05-12', '静岡市', '	パートアルバイト	', '高等学校卒', '同居', '既婚'),
(28, 58, '父', '1993-02-02', '島田市', '	クリエイター・マスコミ系職種	', '専門学校卒', '別居', '既婚');

-- --------------------------------------------------------

--
-- テーブルの構造 `groups`
--

CREATE TABLE `groups` (
  `group_id` int(10) UNSIGNED NOT NULL,
  `group_info` varchar(255) NOT NULL,
  `group_name` varchar(255) NOT NULL,
  `group_icon` varchar(255) NOT NULL
) ENGINE=InnoDB DEFAULT CHARSET=utf8;

-- --------------------------------------------------------

--
-- テーブルの構造 `marriage`
--

CREATE TABLE `marriage` (
  `marriage_id` int(10) UNSIGNED NOT NULL,
  `marriage_name` varchar(255) NOT NULL,
  `marriage_icon` varchar(255) NOT NULL,
  `match_id` int(11) NOT NULL,
  `age` date NOT NULL,
  `gender` varchar(255) NOT NULL,
  `residence` varchar(255) NOT NULL,
  `height` int(11) NOT NULL,
  `body_shape` varchar(255) NOT NULL,
  `blood_type` varchar(255) NOT NULL,
  `birth_place` varchar(255) NOT NULL,
  `occupation` varchar(255) NOT NULL,
  `educational` varchar(255) NOT NULL,
  `annual_income` varchar(255) NOT NULL,
  `holiday` varchar(255) NOT NULL,
  `sibship` varchar(255) NOT NULL,
  `nationality` varchar(255) NOT NULL,
  `marital_history` varchar(255) NOT NULL,
  `child` varchar(255) NOT NULL,
  `personality` varchar(255) NOT NULL,
  `hobbys` varchar(255) NOT NULL,
  `child_wish` varchar(255) NOT NULL,
  `charm_point` varchar(255) NOT NULL,
  `resemble_celebrity` varchar(255) NOT NULL DEFAULT '記述無し',
  `create_marriage` date NOT NULL,
  `change_marriage` date NOT NULL
) ENGINE=InnoDB DEFAULT CHARSET=utf8;

--
-- テーブルのデータのダンプ `marriage`
--

INSERT INTO `marriage` (`marriage_id`, `marriage_name`, `marriage_icon`, `match_id`, `age`, `gender`, `residence`, `height`, `body_shape`, `blood_type`, `birth_place`, `occupation`, `educational`, `annual_income`, `holiday`, `sibship`, `nationality`, `marital_history`, `child`, `personality`, `hobbys`, `child_wish`, `charm_point`, `resemble_celebrity`, `create_marriage`, `change_marriage`) VALUES
(1, '塩澤友也', '1', 1, '1999-07-19', '', '', 0, '', '', '', '', '', '', '', '0', '', '', '', '', '', '', '', '', '0000-00-00', '0000-00-00'),
(2, '大石舞佳', '5', 0, '1999-12-22', '', '', 0, '', '', '', '', '', '', '', '0', '', '', '', '', '', '', '', '', '0000-00-00', '0000-00-00'),
(3, '内田基暉', '1', 1, '1999-11-22', '', '', 0, '', '', '', '', '', '', '', '0', '', '', '', '', '', '', '', '', '0000-00-00', '0000-00-00'),
(25, '剛田武', '1', 0, '1995-06-15', '男性', '沼津市', 180, 'グラマー', 'O', '島田市', '	薬剤師	', '短期大学卒', '700～万円', '土曜日,日曜日,祝日', '長男/長女', '日本', '初婚', 'なし', '', '釣り', '欲しい', '鼻', '綾野剛', '0000-00-00', '0000-00-00'),
(26, '立花薫', '3', 0, '1989-06-06', '男性', '島田市', 180, '筋肉質', 'AB', '島田市', '	技術・研究職	', '大学卒', '800～万円', '土曜日,日曜日,祝日', '長男/長女', '日本', '初婚', 'なし', '', 'バスケットボール', '欲しい', '腕', '堂本光一', '0000-00-00', '0000-00-00'),
(27, '吉村一秀', '2', 0, '1993-02-02', '男性', '静岡市', 180, 'グラマー', 'O', '静岡市', '	物流・運輸関連職	', '大学卒', '600～万円', '土曜日,日曜日,祝日', '長男/長女', '日本', '初婚', 'なし', '', 'ボーリング', '欲しい', '小指', '西村海人', '0000-00-00', '0000-00-00'),
(28, '望月勉', '2', 0, '1991-02-21', '男性', '沼津市', 176, 'グラマー', 'AB', '島田市', '	会社員（その他）	', '大学卒', '600～万円', '土曜日,日曜日,祝日', '長男/長女', '日本', '初婚', 'なし', '', '料理', '欲しい', '目', '横浜流星', '0000-00-00', '0000-00-00'),
(29, '森山拓海', '1', 0, '1990-02-06', '男性', '島田市', 168, 'ぽっちゃり', 'AB', '静岡市', '	介護・福祉関連職	', '大学卒', '700～万円', '土曜日,日曜日,祝日', '長男/長女', '日本', '初婚', 'なし', '', 'カヌー', '欲しい', '右頬', '月亭方正', '0000-00-00', '0000-00-00'),
(30, '三浦穂乃花', '7', 0, '1984-06-19', '女性', '東伊豆町', 160, 'スリム', 'A', '下田市', '	会社員（その他）	', '専門学校卒', '300～万円', '土曜日,日曜日,祝日', 'それ以外', '日本', '初婚', 'なし', '', '裁縫', '欲しい', '鼻', '綾瀬はるか', '0000-00-00', '0000-00-00'),
(31, '松浦静江', '8', 0, '1994-03-15', '女性', '島田市', 156, '普通', 'B', '伊豆市', '	IT関連職	', '短期大学卒', '600～万円', '土曜日,日曜日,祝日', '長男/長女', '日本', '初婚', 'なし', '', '料理', '欲しい', '眉毛', '伊東静香', '0000-00-00', '0000-00-00'),
(32, '杉本綾香', '8', 0, '1994-02-07', '女性', '静岡市', 170, 'グラマー', 'A', '浜松市', '	薬剤師	', '短期大学卒', '500～万円', '土曜日,日曜日,祝日', 'それ以外', '日本', '初婚', 'なし', '', 'テニス', '欲しい', '口', '小池百合子', '0000-00-00', '0000-00-00'),
(33, '利根川敬之', '4', 0, '1993-02-16', '男性', '沼津市', 176, '普通', 'B', '静岡市', '	航空業界関連職	', '大学院卒', '600～万円', '土曜日,日曜日,祝日', '長男/長女', '日本', '初婚', 'なし', '', '旅行', '欲しい', '笑顔', '河合翔太', '0000-00-00', '0000-00-00'),
(34, '飯島健斗', '2', 0, '1997-02-04', '男性', '静岡県外', 158, '筋肉質', 'AB', '磐田市', '	クリエイター・マスコミ系職種	', '短期大学卒', '800～万円', '土曜日,日曜日,祝日', '長男/長女', '日本', '初婚', 'なし', '', 'バスケットボール', '欲しい', '鼻', '横山輝夫', '0000-00-00', '0000-00-00'),
(35, '剛田武', '2', 0, '2006-06-23', '男性', '静岡県外', 170, 'ぽっちゃり', 'O', '静岡県外', '	クリエイター・マスコミ系職種	', '専門学校卒', '1000～万円', '土曜日,日曜日,祝日', '長男/長女', '日本', '初婚', '3人', '', 'バスケットボール', '欲しい', '鼻', '堂本光一', '0000-00-00', '0000-00-00'),
(36, '松浦静江', '7', 0, '2001-05-09', '女性', '熱海市', 150, '普通', 'A', '熱海市', '	その他金融系職種	', '短期大学卒', '600～万円', '土曜日,日曜日,祝日', '長男/長女', '日本', '初婚', 'なし', '', '山登り', '欲しい', '小指', '菊地亜美', '0000-00-00', '0000-00-00'),
(37, '岡村武人', '3', 0, '1979-06-20', '男性', '藤枝市', 168, 'グラマー', 'O', '浜松市', '	販売・小売・飲食・サービス系職種	', '短期大学卒', '700～万円', '土曜日,日曜日,祝日', 'それ以外', '日本', '初婚', '2人', '', 'ゴルフ', '欲しい', '顎', 'ブラマヨ小杉', '0000-00-00', '0000-00-00'),
(38, '吉田美幸', '5', 0, '1992-02-15', '女性', '磐田市', 154, '普通', 'O', '掛川市', '	IT関連職	', '短期大学卒', '700～万円', '土曜日,日曜日,祝日', 'それ以外', '日本', '初婚', 'なし', '', 'ヨガ', '欲しい', '鼻', '倖田來未', '0000-00-00', '0000-00-00'),
(39, '山本芳次', '3', 0, '1986-07-30', '男性', '静岡市', 178, '普通', 'B', '島田市', '	販売・小売・飲食・サービス系職種	', '短期大学卒', '700～万円', '土曜日,日曜日,祝日', '長男/長女', '日本', '初婚', '1人', '', 'カヌー', '欲しい', '腕', '堂本光一', '0000-00-00', '0000-00-00'),
(40, '立花薫', '1', 0, '1992-02-19', '男性', '島田市', 182, 'グラマー', 'O', '磐田市', '	定年退職	', '短期大学卒', '700～万円', '土曜日,日曜日,祝日', '長男/長女', '日本', '初婚', '2人', '', '園芸', '欲しい', '耳', '堂本光一', '0000-00-00', '0000-00-00'),
(41, '飯島健斗', '1', 0, '1995-01-05', '男性', '焼津市', 164, '普通', 'B', '熱海市', '	会社員（その他）	', '大学卒', '500～万円', '土曜日,日曜日,祝日', '長男/長女', '日本', '初婚', '2人', '', 'ゲーム', '欲しい', '耳', '綾野剛', '0000-00-00', '0000-00-00'),
(42, '村瀬巧', '2', 0, '1984-06-13', '男性', '焼津市', 166, 'ぽっちゃり', 'B', '清水町', '	大学教授・准教授	', '短期大学卒', '500～万円', '土曜日,日曜日,祝日', 'それ以外', '日本', '初婚', 'なし', '', '園芸', '欲しい', '耳', '蒼井翔太', '0000-00-00', '0000-00-00'),
(43, '立花薫', '3', 0, '1987-06-19', '男性', '磐田市', 178, '普通', 'A', '浜松市', '	技術・研究職	', '大学卒', '700～万円', '土曜日,日曜日,祝日', '長男/長女', '日本', '初婚', 'なし', '', 'バスケットボール', '欲しい', '腕', '綾野剛', '0000-00-00', '0000-00-00'),
(44, '上田恵美', '5', 0, '1995-05-16', '女性', '東伊豆町', 156, 'スリム', 'B', '浜松市', '	理美容系職種	', '高専卒', '600～万円', '土曜日,日曜日,祝日', 'それ以外', '日本', '初婚', 'なし', '', 'ダーツ,手芸', '欲しい', '腕', '秋山理恵', '0000-00-00', '0000-00-00'),
(45, '武田留美子', '6', 0, '1990-02-15', '女性', '掛川市', 148, '普通', 'O', '藤枝市', '	航空業界関連職	', '専門学校卒', '400～万円', '土曜日,日曜日,祝日', 'それ以外', '日本', '初婚', 'なし', '', 'バレエ', '欲しい', '鼻', '綾波薫', '0000-00-00', '0000-00-00'),
(46, '木村大輔', '2', 0, '1986-09-08', '男性', '掛川市', 168, '普通', 'B', '袋井市', '	農林水産関連職	', '大学卒', '700～万円', '土曜日,日曜日,祝日', '長男/長女', '日本', '初婚', 'なし', '', '飲み会', '欲しい', '目尻', '川村健吾', '0000-00-00', '0000-00-00'),
(47, '婚活者', '3', 0, '1987-07-29', '男性', '島田市', 182, '普通', 'O', '島田市', '	地方公務員	', '大学卒', '600～万円', '土曜日,日曜日,祝日', '長男/長女', '日本', '初婚', 'なし', '', 'ゲーム', '欲しい', '腕', '金田智弘', '0000-00-00', '0000-00-00'),
(48, '吉本実', '7', 0, '1992-02-04', '女性', '焼津市', 174, 'スリム', 'A', '富士宮市', '	IT関連職	', '短期大学卒', '500～万円', '土曜日,日曜日,祝日', 'それ以外', '日本', '初婚', 'なし', '', 'バスケットボール', '欲しい', '鼻', '綾野剛', '0000-00-00', '0000-00-00'),
(49, '剛田武', '2', 0, '1980-05-05', '男性', '沼津市', 168, 'グラマー', 'B', '静岡市', '	営業・企画系職種	', '大学院卒', '600～万円', '土曜日,日曜日,祝日', 'それ以外', '日本', '初婚', 'なし', '', 'ゲーム', '欲しい', '耳', '綾野剛', '0000-00-00', '0000-00-00'),
(50, '産技太郎', '2', 0, '1987-02-10', '男性', '沼津市', 170, '普通', 'B', '沼津市', '	メーカー関連職	', '短期大学卒', '500～万円', '土曜日,日曜日,祝日', '長男/長女', '日本', '初婚', 'なし', '', 'ドライブ', '欲しい', '八重歯', '菅田将暉', '0000-00-00', '0000-00-00'),
(51, '剛田武', '2', 0, '1990-02-06', '男性', '磐田市', 154, 'グラマー', 'B', '浜松市', '	クリエイター・マスコミ系職種	', '高専卒', '900～万円', '土曜日,日曜日,祝日', '長男/長女', '日本', '初婚', 'なし', '', '釣り', '欲しい', '耳', '綾野剛', '0000-00-00', '0000-00-00'),
(52, 'CAVEG', '8', 0, '1991-01-30', '女性', '浜松市', 154, 'スリム', 'A', '浜松市', '	各種コンサルタント	', '高専卒', '600～万円', '土曜日,日曜日,祝日', '長男/長女', '日本', '初婚', 'なし', '', 'ゲーム,釣り', '欲しい', '料理上手,手先が器用', '', '0000-00-00', '0000-00-00'),
(53, '野山秀光', '4', 0, '1979-05-09', '男性', '磐田市', 168, 'グラマー', 'B', '磐田市', '	自営業（会社組織・個人事業）	', '短期大学卒', '600～万円', '土曜日,日曜日,祝日', '長男/長女', '日本', '初婚', 'なし', '', 'ドライブ', '欲しい', '気が利く', '', '0000-00-00', '0000-00-00'),
(54, '松浦静江', '8', 0, '1987-12-08', '女性', '静岡市', 164, '普通', 'B', '静岡市', '	薬剤師	', '大学卒', '600～万円', '土曜日,日曜日,祝日', '長男/長女', '日本', '初婚', 'なし', '', '山登り', '欲しい', '料理上手', '新垣結衣', '0000-00-00', '0000-00-00'),
(55, '立花薫', '3', 0, '1995-02-14', '男性', '浜松市', 178, '筋肉質', 'B', '浜松市', '	営業・企画系職種	', '大学院卒', '500～万円', '土曜日,日曜日,祝日', '長男/長女', '日本', '初婚', '1人', '', '園芸', '欲しい', '44', '堂本光一', '0000-00-00', '0000-00-00'),
(56, '剛田武', '3', 0, '1996-02-20', '男性', '静岡市', 178, 'グラマー', 'A', '静岡市', '	会社員（その他）	', '専門学校卒', '800～万円', '土曜日,日曜日,祝日', '長男/長女', '日本', '初婚', 'なし', '', 'バスケットボール', '欲しい', '耳', '', '0000-00-00', '0000-00-00'),
(57, '産技太郎', '1', 0, '1989-08-14', '男性', '静岡市', 172, '普通', 'B', '静岡市', '	IT関連職	', '大学卒', '600～万円', '土曜日,日曜日,祝日', '長男/長女', '日本', '初婚', 'なし', '', 'ドライブ', '欲しい', '料理上手', '綾野剛', '0000-00-00', '0000-00-00'),
(58, '立花薫', '2', 0, '1990-06-07', '男性', '静岡県外', 174, '普通', 'A', '静岡県外', '	歯科医師	', '大学卒', '500～万円', '土曜日,日曜日,祝日', '長男/長女', '日本', '初婚', 'なし', '', 'バスケットボール', '欲しい', '鼻', '綾野剛', '0000-00-00', '0000-00-00');

-- --------------------------------------------------------

--
-- テーブルの構造 `marriage_attribute`
--

CREATE TABLE `marriage_attribute` (
  `marriage_id` int(10) UNSIGNED NOT NULL,
  `attribute_id` int(11) NOT NULL,
  `attribute_contents` varchar(255) NOT NULL,
  `create_attribute` int(11) NOT NULL,
  `change_attribute` int(11) NOT NULL
) ENGINE=InnoDB DEFAULT CHARSET=utf8;

-- --------------------------------------------------------

--
-- テーブルの構造 `matchmaker`
--

CREATE TABLE `matchmaker` (
  `match_id` int(10) UNSIGNED NOT NULL,
  `match_name` varchar(255) NOT NULL,
  `match_icon` varchar(255) NOT NULL,
  `identification` varchar(255) NOT NULL,
  `mail_address` varchar(255) NOT NULL,
  `password` varchar(255) NOT NULL
) ENGINE=InnoDB DEFAULT CHARSET=utf8;

--
-- テーブルのデータのダンプ `matchmaker`
--

INSERT INTO `matchmaker` (`match_id`, `match_name`, `match_icon`, `identification`, `mail_address`, `password`) VALUES
(1, '福良千佳世', 'icon1', 'なし', 'j18009@sangi.jp', 'sangi');

-- --------------------------------------------------------

--
-- テーブルの構造 `nice`
--

CREATE TABLE `nice` (
  `nice_id` int(10) UNSIGNED NOT NULL,
  `receive_id` int(11) NOT NULL,
  `send_id` int(11) NOT NULL
) ENGINE=InnoDB DEFAULT CHARSET=utf8;

-- --------------------------------------------------------

--
-- テーブルの構造 `personality`
--

CREATE TABLE `personality` (
  `personality_id` int(11) NOT NULL,
  `marriage_id` int(11) NOT NULL,
  `openness` int(11) NOT NULL,
  `neuroticism` int(11) NOT NULL,
  `extraversion` int(11) NOT NULL,
  `agreeableness` int(11) NOT NULL,
  `conscientiousness` int(11) NOT NULL
) ENGINE=InnoDB DEFAULT CHARSET=utf8;

-- --------------------------------------------------------

--
-- テーブルの構造 `question_list`
--

CREATE TABLE `question_list` (
  `answer_id` int(11) NOT NULL,
  `marriage_id` int(11) NOT NULL,
  `q1` int(11) NOT NULL,
  `q2` int(11) NOT NULL,
  `q3` int(11) NOT NULL,
  `q4` int(11) NOT NULL,
  `q5` int(11) NOT NULL,
  `q6` int(11) NOT NULL,
  `q7` int(11) NOT NULL,
  `q8` int(11) NOT NULL,
  `q9` int(11) NOT NULL,
  `q10` int(11) NOT NULL,
  `q11` int(11) NOT NULL,
  `q12` int(11) NOT NULL,
  `q13` int(11) NOT NULL,
  `q14` int(11) NOT NULL,
  `q15` int(11) NOT NULL,
  `q16` int(11) NOT NULL,
  `q17` int(11) NOT NULL,
  `q18` int(11) NOT NULL,
  `q19` int(11) NOT NULL,
  `q20` int(11) NOT NULL,
  `q21` int(11) NOT NULL,
  `q22` int(11) NOT NULL,
  `q23` int(11) NOT NULL,
  `q24` int(11) NOT NULL,
  `q25` int(11) NOT NULL,
  `q26` int(11) NOT NULL,
  `q27` int(11) NOT NULL,
  `q28` int(11) NOT NULL,
  `q29` int(11) NOT NULL,
  `q30` int(11) NOT NULL,
  `q31` int(11) NOT NULL,
  `q32` int(11) NOT NULL,
  `q33` int(11) NOT NULL,
  `q34` int(11) NOT NULL,
  `q35` int(11) NOT NULL,
  `q36` int(11) NOT NULL,
  `q37` int(11) NOT NULL,
  `q38` int(11) NOT NULL,
  `q39` int(11) NOT NULL,
  `q40` int(11) NOT NULL,
  `q41` int(11) NOT NULL,
  `q42` int(11) NOT NULL,
  `q43` int(11) NOT NULL,
  `q44` int(11) NOT NULL,
  `q45` int(11) NOT NULL,
  `q46` int(11) NOT NULL,
  `q47` int(11) NOT NULL,
  `q48` int(11) NOT NULL,
  `q49` int(11) NOT NULL,
  `q50` int(11) NOT NULL,
  `q51` int(11) NOT NULL,
  `q52` int(11) NOT NULL,
  `q53` int(11) NOT NULL,
  `q54` int(11) NOT NULL,
  `q55` int(11) NOT NULL,
  `q56` int(11) NOT NULL,
  `q57` int(11) NOT NULL,
  `q58` int(11) NOT NULL,
  `q59` int(11) NOT NULL,
  `q60` int(11) NOT NULL
) ENGINE=InnoDB DEFAULT CHARSET=utf8;

--
-- テーブルのデータのダンプ `question_list`
--

INSERT INTO `question_list` (`answer_id`, `marriage_id`, `q1`, `q2`, `q3`, `q4`, `q5`, `q6`, `q7`, `q8`, `q9`, `q10`, `q11`, `q12`, `q13`, `q14`, `q15`, `q16`, `q17`, `q18`, `q19`, `q20`, `q21`, `q22`, `q23`, `q24`, `q25`, `q26`, `q27`, `q28`, `q29`, `q30`, `q31`, `q32`, `q33`, `q34`, `q35`, `q36`, `q37`, `q38`, `q39`, `q40`, `q41`, `q42`, `q43`, `q44`, `q45`, `q46`, `q47`, `q48`, `q49`, `q50`, `q51`, `q52`, `q53`, `q54`, `q55`, `q56`, `q57`, `q58`, `q59`, `q60`) VALUES
(1, 0, 5, 0, 0, 0, 0, 0, 0, 0, 0, 0, 0, 0, 0, 0, 0, 0, 0, 0, 0, 0, 0, 0, 0, 0, 0, 0, 0, 0, 0, 0, 0, 0, 0, 0, 0, 0, 0, 0, 0, 0, 0, 0, 0, 0, 0, 0, 0, 0, 0, 0, 0, 0, 0, 0, 0, 0, 0, 0, 0, 0),
(2, 0, 7, 0, 0, 0, 0, 0, 0, 0, 0, 0, 0, 0, 0, 0, 0, 0, 0, 0, 0, 0, 0, 0, 0, 0, 0, 0, 0, 0, 0, 0, 0, 0, 0, 0, 0, 0, 0, 0, 0, 0, 0, 0, 0, 0, 0, 0, 0, 0, 0, 0, 0, 0, 0, 0, 0, 0, 0, 0, 0, 0),
(3, 0, 4, 0, 0, 0, 0, 0, 0, 0, 0, 0, 0, 0, 0, 0, 0, 0, 0, 0, 0, 0, 0, 0, 0, 0, 0, 0, 0, 0, 0, 0, 0, 0, 0, 0, 0, 0, 0, 0, 0, 0, 0, 0, 0, 0, 0, 0, 0, 0, 0, 0, 0, 0, 0, 0, 0, 0, 0, 0, 0, 0),
(4, 0, 7, 7, 7, 1, 7, 1, 7, 7, 1, 1, 7, 7, 7, 1, 1, 7, 7, 7, 1, 7, 1, 7, 7, 1, 7, 1, 7, 7, 7, 7, 7, 7, 7, 1, 7, 1, 7, 7, 1, 1, 7, 1, 7, 7, 1, 1, 7, 7, 1, 1, 7, 7, 7, 7, 7, 1, 7, 7, 1, 1),
(5, 0, 5, 7, 4, 2, 3, 1, 3, 6, 6, 3, 6, 1, 5, 1, 5, 5, 1, 5, 2, 5, 6, 4, 1, 3, 4, 5, 1, 5, 7, 1, 5, 1, 5, 6, 5, 7, 3, 5, 5, 2, 2, 3, 1, 4, 7, 3, 6, 3, 3, 4, 1, 4, 1, 6, 2, 2, 7, 2, 3, 7),
(6, 0, 6, 5, 5, 4, 7, 4, 3, 6, 6, 1, 3, 5, 6, 5, 2, 7, 4, 1, 3, 6, 3, 7, 4, 2, 1, 4, 2, 6, 1, 3, 6, 3, 5, 7, 4, 3, 3, 1, 3, 7, 5, 7, 4, 2, 4, 7, 4, 6, 1, 5, 1, 4, 6, 5, 1, 6, 5, 3, 4, 7),
(7, 0, 6, 4, 6, 5, 6, 1, 4, 6, 6, 1, 4, 6, 2, 3, 4, 1, 7, 6, 6, 6, 1, 3, 7, 6, 5, 2, 1, 6, 7, 4, 3, 3, 7, 7, 6, 6, 6, 7, 6, 3, 1, 1, 1, 6, 5, 2, 5, 3, 6, 3, 7, 1, 5, 6, 2, 3, 1, 7, 4, 2),
(8, 0, 6, 3, 6, 4, 5, 2, 7, 3, 4, 3, 2, 7, 2, 3, 7, 3, 4, 5, 2, 2, 4, 5, 5, 2, 1, 5, 4, 6, 7, 2, 4, 5, 6, 6, 4, 3, 6, 1, 4, 1, 4, 3, 3, 3, 6, 4, 6, 4, 2, 5, 4, 5, 6, 2, 5, 6, 5, 7, 7, 4),
(9, 0, 2, 6, 4, 5, 6, 5, 7, 3, 2, 7, 7, 3, 6, 6, 2, 3, 5, 7, 7, 4, 2, 3, 2, 2, 4, 2, 1, 5, 6, 4, 2, 5, 3, 6, 2, 3, 2, 5, 2, 6, 5, 6, 4, 6, 1, 6, 4, 5, 7, 2, 7, 1, 4, 6, 7, 7, 4, 6, 6, 4),
(10, 0, 4, 6, 1, 5, 6, 5, 6, 1, 3, 2, 2, 4, 6, 7, 4, 6, 2, 5, 2, 2, 5, 5, 6, 7, 5, 5, 6, 4, 7, 1, 5, 2, 4, 2, 1, 1, 3, 5, 7, 5, 6, 5, 4, 7, 5, 2, 3, 5, 7, 4, 7, 1, 6, 1, 5, 1, 1, 4, 2, 7),
(11, 0, 6, 3, 5, 2, 2, 4, 6, 7, 3, 2, 3, 6, 2, 2, 5, 5, 6, 1, 1, 5, 4, 6, 1, 3, 3, 6, 5, 6, 7, 1, 5, 2, 4, 2, 1, 4, 2, 6, 7, 6, 3, 2, 2, 4, 2, 1, 2, 4, 2, 7, 4, 6, 3, 7, 1, 2, 3, 6, 4, 2),
(12, 0, 6, 3, 5, 7, 3, 3, 4, 5, 6, 3, 6, 2, 5, 2, 6, 4, 1, 6, 5, 5, 2, 1, 3, 2, 2, 3, 1, 5, 1, 5, 1, 5, 6, 7, 3, 3, 6, 3, 3, 6, 4, 2, 2, 4, 2, 7, 6, 2, 4, 2, 2, 6, 2, 3, 6, 6, 6, 4, 3, 6),
(13, 0, 5, 4, 6, 2, 5, 7, 5, 4, 1, 3, 1, 5, 3, 2, 1, 4, 2, 4, 2, 1, 5, 6, 1, 4, 5, 2, 1, 3, 6, 2, 3, 5, 6, 5, 5, 2, 7, 2, 5, 2, 2, 5, 4, 5, 2, 7, 2, 3, 3, 2, 2, 5, 6, 1, 5, 2, 1, 5, 5, 3),
(14, 28, 6, 4, 6, 5, 6, 5, 5, 4, 2, 1, 1, 4, 6, 5, 3, 6, 2, 3, 2, 7, 5, 6, 6, 1, 2, 2, 4, 5, 6, 7, 2, 5, 6, 1, 3, 2, 2, 6, 1, 7, 6, 7, 6, 7, 5, 3, 4, 6, 1, 7, 6, 5, 1, 5, 6, 1, 1, 3, 4, 2),
(15, 29, 6, 3, 5, 2, 7, 6, 6, 2, 3, 2, 2, 5, 6, 1, 5, 4, 6, 6, 1, 3, 3, 6, 2, 2, 1, 4, 6, 1, 6, 7, 2, 6, 7, 7, 6, 6, 6, 7, 6, 2, 2, 2, 1, 3, 2, 1, 1, 5, 2, 6, 6, 7, 2, 6, 3, 3, 6, 2, 1, 2),
(16, 30, 4, 5, 6, 6, 5, 2, 1, 4, 2, 5, 6, 2, 5, 6, 3, 6, 1, 4, 2, 1, 2, 3, 5, 2, 1, 2, 3, 5, 7, 2, 3, 4, 5, 2, 1, 2, 7, 2, 4, 2, 2, 3, 2, 6, 1, 7, 5, 6, 7, 3, 6, 7, 1, 3, 4, 2, 5, 7, 5, 3),
(17, 31, 5, 6, 5, 6, 5, 2, 1, 3, 4, 2, 1, 2, 3, 4, 3, 6, 1, 2, 4, 5, 2, 2, 5, 2, 2, 5, 6, 2, 5, 6, 3, 5, 6, 5, 4, 3, 6, 1, 1, 5, 4, 3, 6, 2, 3, 1, 1, 6, 5, 3, 2, 5, 6, 2, 6, 1, 2, 5, 2, 6),
(18, 32, 6, 2, 3, 2, 3, 1, 2, 6, 1, 7, 5, 6, 1, 3, 2, 3, 7, 1, 3, 7, 7, 6, 1, 5, 5, 2, 1, 6, 7, 1, 5, 6, 1, 2, 7, 7, 3, 5, 2, 6, 5, 2, 1, 7, 4, 2, 1, 5, 1, 7, 6, 7, 1, 6, 3, 3, 7, 1, 3, 5),
(19, 0, 5, 1, 3, 3, 6, 6, 4, 5, 2, 1, 3, 6, 7, 7, 3, 4, 6, 7, 7, 3, 3, 6, 7, 7, 3, 3, 6, 1, 2, 4, 5, 6, 1, 5, 5, 1, 1, 4, 2, 7, 5, 2, 1, 3, 3, 2, 1, 7, 7, 5, 5, 1, 6, 7, 1, 5, 4, 5, 2, 7),
(20, 33, 4, 7, 4, 7, 1, 5, 4, 5, 7, 3, 6, 1, 3, 2, 1, 1, 4, 5, 7, 6, 7, 5, 7, 7, 3, 3, 1, 6, 3, 4, 5, 7, 1, 6, 4, 3, 6, 1, 3, 2, 7, 7, 3, 5, 2, 7, 5, 7, 6, 5, 5, 6, 2, 4, 5, 2, 2, 7, 6, 5),
(21, 36, 4, 2, 6, 4, 5, 7, 3, 1, 3, 2, 1, 3, 4, 2, 4, 5, 2, 6, 1, 1, 2, 7, 3, 2, 2, 3, 3, 7, 5, 6, 2, 4, 5, 2, 1, 4, 6, 4, 3, 2, 7, 6, 4, 5, 2, 1, 2, 3, 3, 6, 7, 5, 4, 3, 2, 3, 6, 2, 3, 1),
(22, 38, 4, 6, 3, 3, 7, 4, 4, 2, 3, 2, 1, 3, 4, 3, 7, 2, 4, 6, 6, 3, 4, 5, 6, 7, 4, 3, 6, 1, 5, 6, 1, 3, 4, 1, 2, 4, 5, 6, 7, 4, 6, 7, 3, 5, 2, 7, 3, 4, 3, 2, 1, 6, 7, 3, 2, 2, 1, 6, 1, 5);

-- --------------------------------------------------------

--
-- テーブルの構造 `smart_question_list`
--

CREATE TABLE `smart_question_list` (
  `answer_id` int(11) NOT NULL,
  `marriage_id` int(11) NOT NULL,
  `q1` int(11) NOT NULL,
  `q2` int(11) NOT NULL,
  `q3` int(11) NOT NULL,
  `q4` int(11) NOT NULL,
  `q5` int(11) NOT NULL,
  `q6` int(11) NOT NULL,
  `q7` int(11) NOT NULL,
  `q8` int(11) NOT NULL,
  `q9` int(11) NOT NULL,
  `q10` int(11) NOT NULL,
  `created` int(11) NOT NULL
) ENGINE=InnoDB DEFAULT CHARSET=utf8;

--
-- テーブルのデータのダンプ `smart_question_list`
--

INSERT INTO `smart_question_list` (`answer_id`, `marriage_id`, `q1`, `q2`, `q3`, `q4`, `q5`, `q6`, `q7`, `q8`, `q9`, `q10`, `created`) VALUES
(2, 41, 7, 6, 7, 6, 7, 7, 5, 7, 6, 7, 2021),
(3, 42, 6, 4, 2, 1, 2, 2, 1, 1, 2, 6, 2021),
(4, 43, 3, 2, 1, 3, 2, 3, 2, 3, 2, 6, 2021),
(5, 44, 2, 6, 4, 7, 7, 3, 1, 6, 5, 1, 2021),
(6, 43, 3, 6, 2, 2, 1, 2, 7, 1, 3, 6, 2021),
(7, 45, 6, 3, 6, 5, 6, 6, 7, 3, 2, 7, 2021),
(8, 46, 5, 7, 2, 3, 1, 1, 3, 6, 7, 3, 2021),
(9, 47, 3, 7, 2, 3, 1, 2, 1, 2, 1, 6, 2021),
(10, 48, 2, 6, 1, 3, 7, 5, 6, 1, 3, 6, 2021),
(11, 49, 3, 6, 1, 5, 6, 5, 7, 2, 2, 5, 2021),
(12, 50, 6, 6, 3, 3, 3, 3, 1, 7, 4, 2, 2022),
(13, 51, 4, 7, 1, 2, 1, 2, 4, 7, 7, 2, 2022),
(14, 51, 6, 3, 7, 4, 5, 2, 6, 5, 5, 4, 2022),
(15, 53, 6, 4, 6, 3, 2, 3, 1, 3, 2, 6, 2022),
(16, 53, 6, 2, 6, 3, 2, 2, 7, 5, 2, 7, 2022),
(17, 54, 3, 6, 2, 1, 3, 2, 3, 6, 6, 2, 2022),
(18, 55, 5, 6, 1, 3, 7, 6, 6, 1, 3, 5, 2022),
(19, 55, 6, 6, 4, 2, 2, 4, 5, 3, 3, 2, 0),
(20, 56, 5, 7, 5, 2, 1, 1, 1, 5, 2, 4, 0),
(21, 57, 6, 2, 6, 1, 1, 5, 5, 6, 7, 4, 0),
(22, 57, 5, 4, 6, 1, 1, 3, 6, 1, 3, 1, 0),
(23, 57, 7, 7, 7, 1, 7, 1, 7, 7, 1, 1, 0),
(24, 58, 7, 7, 7, 1, 7, 1, 7, 7, 1, 1, 0);

--
-- Indexes for dumped tables
--

--
-- Indexes for table `attribute`
--
ALTER TABLE `attribute`
  ADD PRIMARY KEY (`attribute_id`);

--
-- Indexes for table `chat_room`
--
ALTER TABLE `chat_room`
  ADD PRIMARY KEY (`room_id`);

--
-- Indexes for table `family`
--
ALTER TABLE `family`
  ADD PRIMARY KEY (`familiy_id`),
  ADD KEY `marriage_id` (`marriage_id`);

--
-- Indexes for table `groups`
--
ALTER TABLE `groups`
  ADD PRIMARY KEY (`group_id`);

--
-- Indexes for table `marriage`
--
ALTER TABLE `marriage`
  ADD PRIMARY KEY (`marriage_id`);

--
-- Indexes for table `marriage_attribute`
--
ALTER TABLE `marriage_attribute`
  ADD PRIMARY KEY (`marriage_id`);

--
-- Indexes for table `matchmaker`
--
ALTER TABLE `matchmaker`
  ADD PRIMARY KEY (`match_id`);

--
-- Indexes for table `nice`
--
ALTER TABLE `nice`
  ADD PRIMARY KEY (`nice_id`);

--
-- Indexes for table `personality`
--
ALTER TABLE `personality`
  ADD PRIMARY KEY (`personality_id`);

--
-- Indexes for table `question_list`
--
ALTER TABLE `question_list`
  ADD PRIMARY KEY (`answer_id`);

--
-- Indexes for table `smart_question_list`
--
ALTER TABLE `smart_question_list`
  ADD PRIMARY KEY (`answer_id`),
  ADD KEY `marriage_id` (`marriage_id`);

--
-- AUTO_INCREMENT for dumped tables
--

--
-- AUTO_INCREMENT for table `attribute`
--
ALTER TABLE `attribute`
  MODIFY `attribute_id` int(10) UNSIGNED NOT NULL AUTO_INCREMENT;

--
-- AUTO_INCREMENT for table `chat_room`
--
ALTER TABLE `chat_room`
  MODIFY `room_id` int(10) UNSIGNED NOT NULL AUTO_INCREMENT, AUTO_INCREMENT=2;

--
-- AUTO_INCREMENT for table `family`
--
ALTER TABLE `family`
  MODIFY `familiy_id` int(11) NOT NULL AUTO_INCREMENT, AUTO_INCREMENT=29;

--
-- AUTO_INCREMENT for table `groups`
--
ALTER TABLE `groups`
  MODIFY `group_id` int(10) UNSIGNED NOT NULL AUTO_INCREMENT;

--
-- AUTO_INCREMENT for table `marriage`
--
ALTER TABLE `marriage`
  MODIFY `marriage_id` int(10) UNSIGNED NOT NULL AUTO_INCREMENT, AUTO_INCREMENT=59;

--
-- AUTO_INCREMENT for table `marriage_attribute`
--
ALTER TABLE `marriage_attribute`
  MODIFY `marriage_id` int(10) UNSIGNED NOT NULL AUTO_INCREMENT;

--
-- AUTO_INCREMENT for table `matchmaker`
--
ALTER TABLE `matchmaker`
  MODIFY `match_id` int(10) UNSIGNED NOT NULL AUTO_INCREMENT, AUTO_INCREMENT=2;

--
-- AUTO_INCREMENT for table `nice`
--
ALTER TABLE `nice`
  MODIFY `nice_id` int(10) UNSIGNED NOT NULL AUTO_INCREMENT;

--
-- AUTO_INCREMENT for table `personality`
--
ALTER TABLE `personality`
  MODIFY `personality_id` int(11) NOT NULL AUTO_INCREMENT;

--
-- AUTO_INCREMENT for table `question_list`
--
ALTER TABLE `question_list`
  MODIFY `answer_id` int(11) NOT NULL AUTO_INCREMENT, AUTO_INCREMENT=23;

--
-- AUTO_INCREMENT for table `smart_question_list`
--
ALTER TABLE `smart_question_list`
  MODIFY `answer_id` int(11) NOT NULL AUTO_INCREMENT, AUTO_INCREMENT=25;
COMMIT;

/*!40101 SET CHARACTER_SET_CLIENT=@OLD_CHARACTER_SET_CLIENT */;
/*!40101 SET CHARACTER_SET_RESULTS=@OLD_CHARACTER_SET_RESULTS */;
/*!40101 SET COLLATION_CONNECTION=@OLD_COLLATION_CONNECTION */;
